timestamp,GHI_W_m2,DNI_W_m2,DHI_W_m2,location
2024-06-21 00:00:00,0.0,0.0,0.0,equator
2024-06-21 00:05:00,0.0,0.0,0.0,equator
2024-06-21 00:10:00,0.0,0.0,0.0,equator
2024-06-21 00:15:00,0.0,0.0,0.0,equator
2024-06-21 00:20:00,0.0,0.0,0.0,equator
2024-06-21 00:25:00,0.0,0.0,0.0,equator
2024-06-21 00:30:00,0.0,0.0,0.0,equator
2024-06-21 00:35:00,0.0,0.0,0.0,equator
2024-06-21 00:40:00,0.0,0.0,0.0,equator
2024-06-21 00:45:00,0.0,0.0,0.0,equator
2024-06-21 00:50:00,0.0,0.0,0.0,equator
2024-06-21 00:55:00,0.0,0.0,0.0,equator
2024-06-21 01:00:00,0.0,0.0,0.0,equator
2024-06-21 01:05:00,0.0,0.0,0.0,equator
2024-06-21 01:10:00,0.0,0.0,0.0,equator
2024-06-21 01:15:00,0.0,0.0,0.0,equator
2024-06-21 01:20:00,0.0,0.0,0.0,equator
2024-06-21 01:25:00,0.0,0.0,0.0,equator
2024-06-21 01:30:00,0.0,0.0,0.0,equator
2024-06-21 01:35:00,0.0,0.0,0.0,equator
2024-06-21 01:40:00,0.0,0.0,0.0,equator
2024-06-21 01:45:00,0.0,0.0,0.0,equator
2024-06-21 01:50:00,0.0,0.0,0.0,equator
2024-06-21 01:55:00,0.0,0.0,0.0,equator
2024-06-21 02:00:00,0.0,0.0,0.0,equator
2024-06-21 02:05:00,0.0,0.0,0.0,equator
2024-06-21 02:10:00,0.0,0.0,0.0,equator
2024-06-21 02:15:00,0.0,0.0,0.0,equator
2024-06-21 02:20:00,0.0,0.0,0.0,equator
2024-06-21 02:25:00,0.0,0.0,0.0,equator
2024-06-21 02:30:00,0.0,0.0,0.0,equator
2024-06-21 02:35:00,0.0,0.0,0.0,equator
2024-06-21 02:40:00,0.0,0.0,0.0,equator
2024-06-21 02:45:00,0.0,0.0,0.0,equator
2024-06-21 02:50:00,0.0,0.0,0.0,equator
2024-06-21 02:55:00,0.0,0.0,0.0,equator
2024-06-21 03:00:00,0.0,0.0,0.0,equator
2024-06-21 03:05:00,0.0,0.0,0.0,equator
2024-06-21 03:10:00,0.0,0.0,0.0,equator
2024-06-21 03:15:00,0.0,0.0,0.0,equator
2024-06-21 03:20:00,0.0,0.0,0.0,equator
2024-06-21 03:25:00,0.0,0.0,0.0,equator
2024-06-21 03:30:00,0.0,0.0,0.0,equator
2024-06-21 03:35:00,0.0,0.0,0.0,equator
2024-06-21 03:40:00,0.0,0.0,0.0,equator
2024-06-21 03:45:00,0.0,0.0,0.0,equator
2024-06-21 03:50:00,0.0,0.0,0.0,equator
2024-06-21 03:55:00,0.0,0.0,0.0,equator
2024-06-21 04:00:00,0.0,0.0,0.0,equator
2024-06-21 04:05:00,0.0,0.0,0.0,equator
2024-06-21 04:10:00,0.0,0.0,0.0,equator
2024-06-21 04:15:00,0.0,0.0,0.0,equator
2024-06-21 04:20:00,0.0,0.0,0.0,equator
2024-06-21 04:25:00,0.0,0.0,0.0,equator
2024-06-21 04:30:00,0.0,0.0,0.0,equator
2024-06-21 04:35:00,0.0,0.0,0.0,equator
2024-06-21 04:40:00,0.0,0.0,0.0,equator
2024-06-21 04:45:00,0.0,0.0,0.0,equator
2024-06-21 04:50:00,0.0,0.0,0.0,equator
2024-06-21 04:55:00,0.0,0.0,0.0,equator
2024-06-21 05:00:00,0.0,0.0,0.0,equator
2024-06-21 05:05:00,0.0,0.0,0.0,equator
2024-06-21 05:10:00,0.0,0.0,0.0,equator
2024-06-21 05:15:00,0.0,0.0,0.0,equator
2024-06-21 05:20:00,0.0,0.0,0.0,equator
2024-06-21 05:25:00,0.0,0.0,0.0,equator
2024-06-21 05:30:00,0.0,0.0,0.0,equator
2024-06-21 05:35:00,0.0,0.0,0.0,equator
2024-06-21 05:40:00,0.0,0.0,0.0,equator
2024-06-21 05:45:00,0.0,0.0,0.0,equator
2024-06-21 05:50:00,0.0,0.0,0.0,equator
2024-06-21 05:55:00,0.0,0.0,0.0,equator
2024-06-21 06:00:00,0.0,0.0,0.0,equator
2024-06-21 06:05:00,15.7375765882756,11.8031824412067,3.9343941470689,equator
2024-06-21 06:10:00,15.27153098224342,11.453648236682564,3.817882745560855,equator
2024-06-21 06:15:00,60.8780645946805,45.65854844601038,15.219516148670126,equator
2024-06-21 06:20:00,86.87281031342721,65.15460773507041,21.718202578356802,equator
2024-06-21 06:25:00,106.12249040617695,79.59186780463271,26.530622601544238,equator
2024-06-21 06:30:00,124.49830281463214,93.3737271109741,31.124575703658035,equator
2024-06-21 06:35:00,137.79908794617367,103.34931595963025,34.44977198654342,equator
2024-06-21 06:40:00,172.13834424188428,129.1037581814132,43.03458606047107,equator
2024-06-21 06:45:00,116.71179063566927,87.53384297675196,29.17794765891732,equator
2024-06-21 06:50:00,204.9895326736748,153.7421495052561,51.2473831684187,equator
2024-06-21 06:55:00,235.5777033331452,176.6832774998589,58.8944258332863,equator
2024-06-21 07:00:00,172.06176526266054,129.04632394699541,43.015441315665136,equator
2024-06-21 07:05:00,268.87941006359114,201.65955754769334,67.21985251589778,equator
2024-06-21 07:10:00,201.80439903934894,151.3532992795117,50.451099759837234,equator
2024-06-21 07:15:00,115.6266842246961,86.72001316852209,28.906671056174027,equator
2024-06-21 07:20:00,314.3666755033213,235.77500662749097,78.59166887583032,equator
2024-06-21 07:25:00,359.57162505406376,269.6787187905478,89.89290626351594,equator
2024-06-21 07:30:00,325.30010632020515,243.97507974015386,81.32502658005129,equator
2024-06-21 07:35:00,411.3905327701819,308.54289957763643,102.84763319254547,equator
2024-06-21 07:40:00,379.93619291776434,284.95214468832324,94.98404822944109,equator
2024-06-21 07:45:00,441.07669621936554,330.80752216452413,110.26917405484139,equator
2024-06-21 07:50:00,173.3829869709095,130.03724022818213,43.34574674272738,equator
2024-06-21 07:55:00,460.78686281269086,345.59014710951817,115.19671570317271,equator
2024-06-21 08:00:00,444.3143882495062,333.2357911871296,111.07859706237655,equator
2024-06-21 08:05:00,474.7458735908048,356.0594051931036,118.6864683977012,equator
2024-06-21 08:10:00,382.7540254139168,287.0655190604376,95.6885063534792,equator
2024-06-21 08:15:00,393.8313469311244,295.3735101983433,98.4578367327811,equator
2024-06-21 08:20:00,367.0179577397812,275.2634683048359,91.7544894349453,equator
2024-06-21 08:25:00,586.214131901432,439.660598926074,146.553532975358,equator
2024-06-21 08:30:00,623.7741719378365,467.8306289533774,155.94354298445913,equator
2024-06-21 08:35:00,448.2638344278736,336.1978758209052,112.0659586069684,equator
2024-06-21 08:40:00,610.7033680174982,458.02752601312363,152.67584200437454,equator
2024-06-21 08:45:00,620.7349197297756,465.5511897973317,155.1837299324439,equator
2024-06-21 08:50:00,455.19847904561783,341.39885928421336,113.79961976140446,equator
2024-06-21 08:55:00,597.2906980469517,447.9680235352138,149.32267451173792,equator
2024-06-21 09:00:00,679.5351236547091,509.65134274103184,169.88378091367727,equator
2024-06-21 09:05:00,477.0904658006599,357.81784935049495,119.27261645016497,equator
2024-06-21 09:10:00,771.9155490872046,578.9366618154035,192.97888727180114,equator
2024-06-21 09:15:00,539.3243878895305,404.4932909171479,134.83109697238262,equator
2024-06-21 09:20:00,483.1600584974736,362.3700438731052,120.7900146243684,equator
2024-06-21 09:25:00,690.2462987330786,517.6847240498089,172.56157468326964,equator
2024-06-21 09:30:00,502.168891014191,376.6266682606432,125.54222275354775,equator
2024-06-21 09:35:00,700.3118248158752,525.2338686119064,175.0779562039688,equator
2024-06-21 09:40:00,727.2041290923387,545.403096819254,181.80103227308467,equator
2024-06-21 09:45:00,330.94463013120674,248.20847259840505,82.73615753280168,equator
2024-06-21 09:50:00,720.6612692097344,540.4959519073009,180.1653173024336,equator
2024-06-21 09:55:00,884.2335465426013,663.175159906951,221.05838663565032,equator
2024-06-21 10:00:00,777.7803549899307,583.335266242448,194.44508874748269,equator
2024-06-21 10:05:00,836.6989374522167,627.5242030891625,209.17473436305417,equator
2024-06-21 10:10:00,876.7247104912399,657.5435328684299,219.18117762280997,equator
2024-06-21 10:15:00,615.850281077325,461.88771080799376,153.96257026933125,equator
2024-06-21 10:20:00,890.9407953065286,668.2055964798965,222.73519882663214,equator
2024-06-21 10:25:00,780.581855648217,585.4363917361627,195.14546391205425,equator
2024-06-21 10:30:00,596.5401871204496,447.4051403403372,149.1350467801124,equator
2024-06-21 10:35:00,935.9940260320756,701.9955195240567,233.9985065080189,equator
2024-06-21 10:40:00,619.3153765544121,464.48653241580905,154.82884413860302,equator
2024-06-21 10:45:00,695.0122391539961,521.2591793654971,173.75305978849903,equator
2024-06-21 10:50:00,962.0795273232627,721.5596454924471,240.51988183081568,equator
2024-06-21 10:55:00,915.1376827080318,686.3532620310239,228.78442067700794,equator
2024-06-21 11:00:00,884.6592661706727,663.4944496280045,221.16481654266818,equator
2024-06-21 11:05:00,1001.0078223466767,750.7558667600075,250.25195558666917,equator
2024-06-21 11:10:00,847.604168925816,635.703126694362,211.901042231454,equator
2024-06-21 11:15:00,666.092099364504,499.56907452337794,166.523024841126,equator
2024-06-21 11:20:00,987.8333613253628,740.8750209940222,246.9583403313407,equator
2024-06-21 11:25:00,918.1580275403118,688.6185206552339,229.53950688507794,equator
2024-06-21 11:30:00,402.15451915156206,301.61588936367156,100.53862978789051,equator
2024-06-21 11:35:00,668.701973797038,501.5264803477785,167.1754934492595,equator
2024-06-21 11:40:00,729.3251880811127,546.9938910608346,182.33129702027819,equator
2024-06-21 11:45:00,902.4297252093306,676.822293906998,225.60743130233266,equator
2024-06-21 11:50:00,1009.3378716756007,757.0034037567005,252.33446791890017,equator
2024-06-21 11:55:00,892.2595778363986,669.194683377299,223.06489445909966,equator
2024-06-21 12:00:00,692.7185048357683,519.5388786268262,173.17962620894207,equator
2024-06-21 12:05:00,666.2884432457704,499.7163324343278,166.5721108114426,equator
2024-06-21 12:10:00,675.1958025417131,506.39685190628484,168.79895063542827,equator
2024-06-21 12:15:00,933.4108296302461,700.0581222226846,233.35270740756152,equator
2024-06-21 12:20:00,401.2499612804216,300.9374709603162,100.3124903201054,equator
2024-06-21 12:25:00,914.2676470829757,685.7007353122318,228.56691177074393,equator
2024-06-21 12:30:00,933.4104106417633,700.0578079813224,233.35260266044082,equator
2024-06-21 12:35:00,706.6197233278439,529.9647924958829,176.65493083196097,equator
2024-06-21 12:40:00,626.2848550031999,469.71364125239995,156.57121375079998,equator
2024-06-21 12:45:00,970.1867523968889,727.6400642976666,242.54668809922222,equator
2024-06-21 12:50:00,1010.1470155124815,757.6102616343611,252.53675387812038,equator
2024-06-21 12:55:00,972.5017068499933,729.376280137495,243.12542671249832,equator
2024-06-21 13:00:00,936.6733796893589,702.5050347670192,234.1683449223397,equator
2024-06-21 13:05:00,615.1006974681645,461.3255231011234,153.77517436704113,equator
2024-06-21 13:10:00,335.4692659326956,251.60194944952167,83.8673164831739,equator
2024-06-21 13:15:00,676.0615087496785,507.0461315622589,169.01537718741963,equator
2024-06-21 13:20:00,865.3510686441,649.013301483075,216.337767161025,equator
2024-06-21 13:25:00,565.5159297834555,424.1369473375916,141.37898244586387,equator
2024-06-21 13:30:00,569.5893489348504,427.19201170113774,142.3973372337126,equator
2024-06-21 13:35:00,806.7990238136111,605.0992678602083,201.69975595340279,equator
2024-06-21 13:40:00,326.65738130886706,244.99303598165028,81.66434532721676,equator
2024-06-21 13:45:00,918.5196869241302,688.8897651930977,229.62992173103254,equator
2024-06-21 13:50:00,892.0562039780194,669.0421529835146,223.01405099450486,equator
2024-06-21 13:55:00,802.8788926578845,602.1591694934134,200.71972316447113,equator
2024-06-21 14:00:00,568.3212744725655,426.2409558544241,142.08031861814138,equator
2024-06-21 14:05:00,533.6672741773184,400.2504556329888,133.4168185443296,equator
2024-06-21 14:10:00,568.6554748100402,426.4916061075302,142.16386870251006,equator
2024-06-21 14:15:00,824.7081782317497,618.5311336738123,206.17704455793742,equator
2024-06-21 14:20:00,321.44752975348655,241.0856473151149,80.36188243837164,equator
2024-06-21 14:25:00,297.09160223776377,222.81870167832284,74.27290055944094,equator
2024-06-21 14:30:00,703.010412421022,527.2578093157665,175.7526031052555,equator
2024-06-21 14:35:00,743.2267493162193,557.4200619871644,185.80668732905482,equator
2024-06-21 14:40:00,551.0093040556562,413.2569780417422,137.75232601391406,equator
2024-06-21 14:45:00,506.2884098778569,379.7163074083927,126.57210246946423,equator
2024-06-21 14:50:00,642.3260417577097,481.74453131828227,160.58151043942743,equator
2024-06-21 14:55:00,517.6961469629484,388.2721102222113,129.4240367407371,equator
2024-06-21 15:00:00,483.94853084881635,362.9613981366123,120.98713271220409,equator
2024-06-21 15:05:00,244.13126521108435,183.09844890831326,61.03281630277109,equator
2024-06-21 15:10:00,626.1486265716109,469.6114699287082,156.53715664290272,equator
2024-06-21 15:15:00,641.6586094255101,481.2439570691326,160.41465235637753,equator
2024-06-21 15:20:00,599.8584384277422,449.8938288208066,149.96460960693554,equator
2024-06-21 15:25:00,240.155910960041,180.11693322003077,60.03897774001025,equator
2024-06-21 15:30:00,632.7353627640587,474.551522073044,158.18384069101467,equator
2024-06-21 15:35:00,392.25390632568866,294.1904297442665,98.06347658142217,equator
2024-06-21 15:40:00,543.6411495365014,407.73086215237606,135.91028738412535,equator
2024-06-21 15:45:00,398.6073650084362,298.9555237563271,99.65184125210905,equator
2024-06-21 15:50:00,465.8588912475208,349.3941684356406,116.4647228118802,equator
2024-06-21 15:55:00,472.7362218793891,354.5521664095418,118.18405546984728,equator
2024-06-21 16:00:00,506.1408820376678,379.60566152825083,126.53522050941694,equator
2024-06-21 16:05:00,455.412016065049,341.5590120487867,113.85300401626225,equator
2024-06-21 16:10:00,456.57837331807576,342.4337799885568,114.14459332951894,equator
2024-06-21 16:15:00,441.31740010410226,330.9880500780767,110.32935002602557,equator
2024-06-21 16:20:00,169.41115459153227,127.05836594364919,42.35278864788307,equator
2024-06-21 16:25:00,390.74293060292996,293.0571979521975,97.68573265073249,equator
2024-06-21 16:30:00,241.40391958792574,181.0529396909443,60.350979896981436,equator
2024-06-21 16:35:00,318.401631079735,238.80122330980126,79.60040776993375,equator
2024-06-21 16:40:00,349.9831450376722,262.48735877825413,87.49578625941805,equator
2024-06-21 16:45:00,226.48574069892058,169.86430552419043,56.621435174730145,equator
2024-06-21 16:50:00,121.53984004534003,91.15488003400502,30.384960011335007,equator
2024-06-21 16:55:00,103.44469131187361,77.58351848390521,25.861172827968403,equator
2024-06-21 17:00:00,265.7385156247235,199.30388671854263,66.43462890618088,equator
2024-06-21 17:05:00,222.4777224547103,166.85829184103272,55.61943061367757,equator
2024-06-21 17:10:00,135.19890377210524,101.39917782907892,33.79972594302631,equator
2024-06-21 17:15:00,69.30075470417724,51.97556602813293,17.32518867604431,equator
2024-06-21 17:20:00,123.32193327750026,92.4914499581252,30.830483319375066,equator
2024-06-21 17:25:00,144.67713892092476,108.50785419069356,36.16928473023119,equator
2024-06-21 17:30:00,120.1412794699173,90.10595960243796,30.035319867479323,equator
2024-06-21 17:35:00,98.29468694943343,73.72101521207507,24.573671737358357,equator
2024-06-21 17:40:00,79.8597593160954,59.89481948707156,19.96493982902385,equator
2024-06-21 17:45:00,57.716514669016604,43.28738600176246,14.429128667254151,equator
2024-06-21 17:50:00,40.94718962070823,30.710392215531172,10.236797405177057,equator
2024-06-21 17:55:00,7.590765995887814,5.693074496915861,1.8976914989719535,equator
2024-06-21 18:00:00,1.2476492400274325e-13,9.357369300205743e-14,3.1191231000685814e-14,equator
2024-06-21 18:05:00,0.0,0.0,0.0,equator
2024-06-21 18:10:00,0.0,0.0,0.0,equator
2024-06-21 18:15:00,0.0,0.0,0.0,equator
2024-06-21 18:20:00,0.0,0.0,0.0,equator
2024-06-21 18:25:00,0.0,0.0,0.0,equator
2024-06-21 18:30:00,0.0,0.0,0.0,equator
2024-06-21 18:35:00,0.0,0.0,0.0,equator
2024-06-21 18:40:00,0.0,0.0,0.0,equator
2024-06-21 18:45:00,0.0,0.0,0.0,equator
2024-06-21 18:50:00,0.0,0.0,0.0,equator
2024-06-21 18:55:00,0.0,0.0,0.0,equator
2024-06-21 19:00:00,0.0,0.0,0.0,equator
2024-06-21 19:05:00,0.0,0.0,0.0,equator
2024-06-21 19:10:00,0.0,0.0,0.0,equator
2024-06-21 19:15:00,0.0,0.0,0.0,equator
2024-06-21 19:20:00,0.0,0.0,0.0,equator
2024-06-21 19:25:00,0.0,0.0,0.0,equator
2024-06-21 19:30:00,0.0,0.0,0.0,equator
2024-06-21 19:35:00,0.0,0.0,0.0,equator
2024-06-21 19:40:00,0.0,0.0,0.0,equator
2024-06-21 19:45:00,0.0,0.0,0.0,equator
2024-06-21 19:50:00,0.0,0.0,0.0,equator
2024-06-21 19:55:00,0.0,0.0,0.0,equator
2024-06-21 20:00:00,0.0,0.0,0.0,equator
2024-06-21 20:05:00,0.0,0.0,0.0,equator
2024-06-21 20:10:00,0.0,0.0,0.0,equator
2024-06-21 20:15:00,0.0,0.0,0.0,equator
2024-06-21 20:20:00,0.0,0.0,0.0,equator
2024-06-21 20:25:00,0.0,0.0,0.0,equator
2024-06-21 20:30:00,0.0,0.0,0.0,equator
2024-06-21 20:35:00,0.0,0.0,0.0,equator
2024-06-21 20:40:00,0.0,0.0,0.0,equator
2024-06-21 20:45:00,0.0,0.0,0.0,equator
2024-06-21 20:50:00,0.0,0.0,0.0,equator
2024-06-21 20:55:00,0.0,0.0,0.0,equator
2024-06-21 21:00:00,0.0,0.0,0.0,equator
2024-06-21 21:05:00,0.0,0.0,0.0,equator
2024-06-21 21:10:00,0.0,0.0,0.0,equator
2024-06-21 21:15:00,0.0,0.0,0.0,equator
2024-06-21 21:20:00,0.0,0.0,0.0,equator
2024-06-21 21:25:00,0.0,0.0,0.0,equator
2024-06-21 21:30:00,0.0,0.0,0.0,equator
2024-06-21 21:35:00,0.0,0.0,0.0,equator
2024-06-21 21:40:00,0.0,0.0,0.0,equator
2024-06-21 21:45:00,0.0,0.0,0.0,equator
2024-06-21 21:50:00,0.0,0.0,0.0,equator
2024-06-21 21:55:00,0.0,0.0,0.0,equator
2024-06-21 22:00:00,0.0,0.0,0.0,equator
2024-06-21 22:05:00,0.0,0.0,0.0,equator
2024-06-21 22:10:00,0.0,0.0,0.0,equator
2024-06-21 22:15:00,0.0,0.0,0.0,equator
2024-06-21 22:20:00,0.0,0.0,0.0,equator
2024-06-21 22:25:00,0.0,0.0,0.0,equator
2024-06-21 22:30:00,0.0,0.0,0.0,equator
2024-06-21 22:35:00,0.0,0.0,0.0,equator
2024-06-21 22:40:00,0.0,0.0,0.0,equator
2024-06-21 22:45:00,0.0,0.0,0.0,equator
2024-06-21 22:50:00,0.0,0.0,0.0,equator
2024-06-21 22:55:00,0.0,0.0,0.0,equator
2024-06-21 23:00:00,0.0,0.0,0.0,equator
2024-06-21 23:05:00,0.0,0.0,0.0,equator
2024-06-21 23:10:00,0.0,0.0,0.0,equator
2024-06-21 23:15:00,0.0,0.0,0.0,equator
2024-06-21 23:20:00,0.0,0.0,0.0,equator
2024-06-21 23:25:00,0.0,0.0,0.0,equator
2024-06-21 23:30:00,0.0,0.0,0.0,equator
2024-06-21 23:35:00,0.0,0.0,0.0,equator
2024-06-21 23:40:00,0.0,0.0,0.0,equator
2024-06-21 23:45:00,0.0,0.0,0.0,equator
2024-06-21 23:50:00,0.0,0.0,0.0,equator
2024-06-21 23:55:00,0.0,0.0,0.0,equator
2024-06-21 00:00:00,0.0,0.0,0.0,mid_latitude
2024-06-21 00:05:00,0.0,0.0,0.0,mid_latitude
2024-06-21 00:10:00,0.0,0.0,0.0,mid_latitude
2024-06-21 00:15:00,0.0,0.0,0.0,mid_latitude
2024-06-21 00:20:00,0.0,0.0,0.0,mid_latitude
2024-06-21 00:25:00,0.0,0.0,0.0,mid_latitude
2024-06-21 00:30:00,0.0,0.0,0.0,mid_latitude
2024-06-21 00:35:00,0.0,0.0,0.0,mid_latitude
2024-06-21 00:40:00,0.0,0.0,0.0,mid_latitude
2024-06-21 00:45:00,0.0,0.0,0.0,mid_latitude
2024-06-21 00:50:00,0.0,0.0,0.0,mid_latitude
2024-06-21 00:55:00,0.0,0.0,0.0,mid_latitude
2024-06-21 01:00:00,0.0,0.0,0.0,mid_latitude
2024-06-21 01:05:00,0.0,0.0,0.0,mid_latitude
2024-06-21 01:10:00,0.0,0.0,0.0,mid_latitude
2024-06-21 01:15:00,0.0,0.0,0.0,mid_latitude
2024-06-21 01:20:00,0.0,0.0,0.0,mid_latitude
2024-06-21 01:25:00,0.0,0.0,0.0,mid_latitude
2024-06-21 01:30:00,0.0,0.0,0.0,mid_latitude
2024-06-21 01:35:00,0.0,0.0,0.0,mid_latitude
2024-06-21 01:40:00,0.0,0.0,0.0,mid_latitude
2024-06-21 01:45:00,0.0,0.0,0.0,mid_latitude
2024-06-21 01:50:00,0.0,0.0,0.0,mid_latitude
2024-06-21 01:55:00,0.0,0.0,0.0,mid_latitude
2024-06-21 02:00:00,0.0,0.0,0.0,mid_latitude
2024-06-21 02:05:00,0.0,0.0,0.0,mid_latitude
2024-06-21 02:10:00,0.0,0.0,0.0,mid_latitude
2024-06-21 02:15:00,0.0,0.0,0.0,mid_latitude
2024-06-21 02:20:00,0.0,0.0,0.0,mid_latitude
2024-06-21 02:25:00,0.0,0.0,0.0,mid_latitude
2024-06-21 02:30:00,0.0,0.0,0.0,mid_latitude
2024-06-21 02:35:00,0.0,0.0,0.0,mid_latitude
2024-06-21 02:40:00,0.0,0.0,0.0,mid_latitude
2024-06-21 02:45:00,0.0,0.0,0.0,mid_latitude
2024-06-21 02:50:00,0.0,0.0,0.0,mid_latitude
2024-06-21 02:55:00,0.0,0.0,0.0,mid_latitude
2024-06-21 03:00:00,0.0,0.0,0.0,mid_latitude
2024-06-21 03:05:00,0.0,0.0,0.0,mid_latitude
2024-06-21 03:10:00,0.0,0.0,0.0,mid_latitude
2024-06-21 03:15:00,0.0,0.0,0.0,mid_latitude
2024-06-21 03:20:00,0.0,0.0,0.0,mid_latitude
2024-06-21 03:25:00,0.0,0.0,0.0,mid_latitude
2024-06-21 03:30:00,0.0,0.0,0.0,mid_latitude
2024-06-21 03:35:00,0.0,0.0,0.0,mid_latitude
2024-06-21 03:40:00,0.0,0.0,0.0,mid_latitude
2024-06-21 03:45:00,0.0,0.0,0.0,mid_latitude
2024-06-21 03:50:00,0.0,0.0,0.0,mid_latitude
2024-06-21 03:55:00,0.0,0.0,0.0,mid_latitude
2024-06-21 04:00:00,0.0,0.0,0.0,mid_latitude
2024-06-21 04:05:00,0.0,0.0,0.0,mid_latitude
2024-06-21 04:10:00,0.0,0.0,0.0,mid_latitude
2024-06-21 04:15:00,0.0,0.0,0.0,mid_latitude
2024-06-21 04:20:00,0.0,0.0,0.0,mid_latitude
2024-06-21 04:25:00,0.0,0.0,0.0,mid_latitude
2024-06-21 04:30:00,0.0,0.0,0.0,mid_latitude
2024-06-21 04:35:00,0.0,0.0,0.0,mid_latitude
2024-06-21 04:40:00,0.0,0.0,0.0,mid_latitude
2024-06-21 04:45:00,0.0,0.0,0.0,mid_latitude
2024-06-21 04:50:00,0.0,0.0,0.0,mid_latitude
2024-06-21 04:55:00,0.0,0.0,0.0,mid_latitude
2024-06-21 05:00:00,0.0,0.0,0.0,mid_latitude
2024-06-21 05:05:00,0.0,0.0,0.0,mid_latitude
2024-06-21 05:10:00,0.0,0.0,0.0,mid_latitude
2024-06-21 05:15:00,0.0,0.0,0.0,mid_latitude
2024-06-21 05:20:00,0.0,0.0,0.0,mid_latitude
2024-06-21 05:25:00,0.0,0.0,0.0,mid_latitude
2024-06-21 05:30:00,0.0,0.0,0.0,mid_latitude
2024-06-21 05:35:00,0.0,0.0,0.0,mid_latitude
2024-06-21 05:40:00,0.0,0.0,0.0,mid_latitude
2024-06-21 05:45:00,0.0,0.0,0.0,mid_latitude
2024-06-21 05:50:00,0.0,0.0,0.0,mid_latitude
2024-06-21 05:55:00,0.0,0.0,0.0,mid_latitude
2024-06-21 06:00:00,0.0,0.0,0.0,mid_latitude
2024-06-21 06:05:00,0.0,0.0,0.0,mid_latitude
2024-06-21 06:10:00,0.0,0.0,0.0,mid_latitude
2024-06-21 06:15:00,0.0,0.0,0.0,mid_latitude
2024-06-21 06:20:00,0.0,0.0,0.0,mid_latitude
2024-06-21 06:25:00,0.0,0.0,0.0,mid_latitude
2024-06-21 06:30:00,0.0,0.0,0.0,mid_latitude
2024-06-21 06:35:00,16.06403321161576,12.04802490871182,4.01600830290394,mid_latitude
2024-06-21 06:40:00,44.34901512132451,33.26176134099339,11.087253780331128,mid_latitude
2024-06-21 06:45:00,64.88027488319413,48.660206162395596,16.220068720798533,mid_latitude
2024-06-21 06:50:00,62.178807616719844,46.634105712539885,15.544701904179961,mid_latitude
2024-06-21 06:55:00,73.51889530007666,55.139171475057495,18.379723825019166,mid_latitude
2024-06-21 07:00:00,92.19863295609471,69.14897471707104,23.049658239023678,mid_latitude
2024-06-21 07:05:00,142.16780014458394,106.62585010843796,35.541950036145984,mid_latitude
2024-06-21 07:10:00,124.15998006045066,93.119985045338,31.039995015112666,mid_latitude
2024-06-21 07:15:00,210.06478585269863,157.54858938952398,52.51619646317466,mid_latitude
2024-06-21 07:20:00,228.523078709129,171.39230903184676,57.13076967728225,mid_latitude
2024-06-21 07:25:00,167.65386963835633,125.74040222876724,41.91346740958908,mid_latitude
2024-06-21 07:30:00,250.63703977346177,187.97777983009632,62.65925994336544,mid_latitude
2024-06-21 07:35:00,252.32235826396092,189.24176869797068,63.08058956599023,mid_latitude
2024-06-21 07:40:00,283.9138892047724,212.93541690357927,70.9784723011931,mid_latitude
2024-06-21 07:45:00,119.42732044490799,89.570490333681,29.856830111226998,mid_latitude
2024-06-21 07:50:00,338.89460759433894,254.1709556957542,84.72365189858473,mid_latitude
2024-06-21 07:55:00,356.64120670520026,267.4809050289002,89.16030167630007,mid_latitude
2024-06-21 08:00:00,147.08871833282774,110.3165387496208,36.772179583206935,mid_latitude
2024-06-21 08:05:00,362.3693442309701,271.7770081732276,90.59233605774253,mid_latitude
2024-06-21 08:10:00,450.37369428452,337.78027071339,112.59342357113,mid_latitude
2024-06-21 08:15:00,390.92058371819337,293.190437788645,97.73014592954834,mid_latitude
2024-06-21 08:20:00,479.5545461632642,359.66590962244817,119.88863654081605,mid_latitude
2024-06-21 08:25:00,185.29996879607125,138.97497659705346,46.324992199017814,mid_latitude
2024-06-21 08:30:00,463.0168029565172,347.2626022173879,115.7542007391293,mid_latitude
2024-06-21 08:35:00,471.42044189958807,353.56533142469107,117.85511047489702,mid_latitude
2024-06-21 08:40:00,401.21801990933085,300.9135149319981,100.30450497733271,mid_latitude
2024-06-21 08:45:00,216.18206187229544,162.13654640422158,54.04551546807386,mid_latitude
2024-06-21 08:50:00,516.9165769960332,387.6874327470249,129.2291442490083,mid_latitude
2024-06-21 08:55:00,420.0048789031202,315.0036591773401,105.00121972578005,mid_latitude
2024-06-21 09:00:00,558.2276853333236,418.6707639999927,139.5569213333309,mid_latitude
2024-06-21 09:05:00,608.2722005866999,456.20415044002493,152.06805014667498,mid_latitude
2024-06-21 09:10:00,649.5694970552003,487.17712279140017,162.39237426380006,mid_latitude
2024-06-21 09:15:00,660.4794598183992,495.3595948637994,165.1198649545998,mid_latitude
2024-06-21 09:20:00,474.39577155981715,355.79682866986286,118.59894288995429,mid_latitude
2024-06-21 09:25:00,457.72934582874655,343.2970093715599,114.43233645718664,mid_latitude
2024-06-21 09:30:00,620.068411890073,465.0513089175547,155.01710297251824,mid_latitude
2024-06-21 09:35:00,685.5478169836279,514.1608627377209,171.38695424590696,mid_latitude
2024-06-21 09:40:00,727.9380117289799,545.9535087967349,181.98450293224496,mid_latitude
2024-06-21 09:45:00,713.5116342324371,535.1337256743278,178.37790855810928,mid_latitude
2024-06-21 09:50:00,711.830768011795,533.8730760088463,177.95769200294876,mid_latitude
2024-06-21 09:55:00,504.36544512155496,378.2740838411662,126.09136128038874,mid_latitude
2024-06-21 10:00:00,553.7274219930968,415.29556649482254,138.4318554982742,mid_latitude
2024-06-21 10:05:00,299.11113943209926,224.33335457407446,74.77778485802482,mid_latitude
2024-06-21 10:10:00,832.8596135325197,624.6447101493898,208.21490338312992,mid_latitude
2024-06-21 10:15:00,585.1795128017187,438.884634601289,146.29487820042968,mid_latitude
2024-06-21 10:20:00,871.146202917472,653.3596521881041,217.786550729368,mid_latitude
2024-06-21 10:25:00,758.2853197720763,568.7139898290573,189.57132994301907,mid_latitude
2024-06-21 10:30:00,763.9200013710508,572.9400010282882,190.9800003427627,mid_latitude
2024-06-21 10:35:00,594.7781488817574,446.08361166131806,148.69453722043934,mid_latitude
2024-06-21 10:40:00,820.2524556388072,615.1893417291054,205.0631139097018,mid_latitude
2024-06-21 10:45:00,778.7527320162521,584.0645490121891,194.68818300406303,mid_latitude
2024-06-21 10:50:00,855.7330630262636,641.7997972696977,213.9332657565659,mid_latitude
2024-06-21 10:55:00,785.6766654446891,589.2574990835168,196.41916636117227,mid_latitude
2024-06-21 11:00:00,588.1857235983111,441.13929269873336,147.04643089957779,mid_latitude
2024-06-21 11:05:00,364.4996751759219,273.37475638194144,91.12491879398047,mid_latitude
2024-06-21 11:10:00,925.744379606147,694.3082847046103,231.43609490153676,mid_latitude
2024-06-21 11:15:00,331.1673494735995,248.37551210519962,82.79183736839987,mid_latitude
2024-06-21 11:20:00,917.9700022486365,688.4775016864774,229.49250056215914,mid_latitude
2024-06-21 11:25:00,980.8252650305185,735.6189487728889,245.20631625762962,mid_latitude
2024-06-21 11:30:00,876.7068852692156,657.5301639519117,219.1767213173039,mid_latitude
2024-06-21 11:35:00,679.5918280253969,509.6938710190477,169.89795700634923,mid_latitude
2024-06-21 11:40:00,692.285920041041,519.2144400307807,173.07148001026025,mid_latitude
2024-06-21 11:45:00,652.6650370855531,489.4987778141648,163.16625927138827,mid_latitude
2024-06-21 11:50:00,684.4236780398811,513.3177585299109,171.10591950997028,mid_latitude
2024-06-21 11:55:00,907.8576194156004,680.8932145617003,226.9644048539001,mid_latitude
2024-06-21 12:00:00,861.3063288870557,645.9797466652917,215.3265822217639,mid_latitude
2024-06-21 12:05:00,839.6825534598051,629.7619150948539,209.9206383649513,mid_latitude
2024-06-21 12:10:00,952.2626868033803,714.1970151025353,238.0656717008451,mid_latitude
2024-06-21 12:15:00,392.5947007019349,294.4460255264512,98.14867517548373,mid_latitude
2024-06-21 12:20:00,872.4281601603943,654.3211201202957,218.10704004009858,mid_latitude
2024-06-21 12:25:00,918.1778332015675,688.6333749011757,229.54445830039188,mid_latitude
2024-06-21 12:30:00,956.3764929738645,717.2823697303984,239.09412324346613,mid_latitude
2024-06-21 12:35:00,844.2124846652451,633.1593634989339,211.05312116631129,mid_latitude
2024-06-21 12:40:00,641.2661897239459,480.9496422929594,160.31654743098647,mid_latitude
2024-06-21 12:45:00,898.0555356635106,673.541651747633,224.51388391587764,mid_latitude
2024-06-21 12:50:00,788.3564407095048,591.2673305321287,197.0891101773762,mid_latitude
2024-06-21 12:55:00,947.8981633659344,710.9236225244508,236.9745408414836,mid_latitude
2024-06-21 13:00:00,928.2842238958391,696.2131679218793,232.07105597395977,mid_latitude
2024-06-21 13:05:00,809.9369403192819,607.4527052394615,202.48423507982048,mid_latitude
2024-06-21 13:10:00,847.2832077892401,635.4624058419301,211.82080194731003,mid_latitude
2024-06-21 13:15:00,878.1085643992162,658.5814232994121,219.52714109980406,mid_latitude
2024-06-21 13:20:00,578.4868722874062,433.86515421555464,144.62171807185155,mid_latitude
2024-06-21 13:25:00,574.1259511847336,430.5944633885502,143.5314877961834,mid_latitude
2024-06-21 13:30:00,773.5967967298211,580.1975975473658,193.39919918245528,mid_latitude
2024-06-21 13:35:00,762.8492687941113,572.1369515955835,190.7123171985278,mid_latitude
2024-06-21 13:40:00,818.9915257396497,614.2436443047372,204.74788143491241,mid_latitude
2024-06-21 13:45:00,597.2766786521771,447.95750898913286,149.31916966304428,mid_latitude
2024-06-21 13:50:00,841.7693647603365,631.3270235702524,210.44234119008414,mid_latitude
2024-06-21 13:55:00,519.1453334382091,389.3590000786569,129.7863333595523,mid_latitude
2024-06-21 14:00:00,540.5566563776426,405.417492283232,135.13916409441066,mid_latitude
2024-06-21 14:05:00,825.6539573681725,619.2404680261294,206.41348934204314,mid_latitude
2024-06-21 14:10:00,730.4361049690792,547.8270787268094,182.6090262422698,mid_latitude
2024-06-21 14:15:00,673.290018225659,504.9675136692442,168.32250455641474,mid_latitude
2024-06-21 14:20:00,777.0292245490206,582.7719184117655,194.25730613725514,mid_latitude
2024-06-21 14:25:00,519.155160243373,389.36637018252975,129.78879006084324,mid_latitude
2024-06-21 14:30:00,508.54551530212785,381.4091364765959,127.13637882553196,mid_latitude
2024-06-21 14:35:00,640.2828194049796,480.2121145537347,160.0707048512449,mid_latitude
2024-06-21 14:40:00,629.0643888154386,471.798291611579,157.26609720385966,mid_latitude
2024-06-21 14:45:00,485.764382816636,364.323287112477,121.441095704159,mid_latitude
2024-06-21 14:50:00,675.4614878048526,506.59611585363945,168.86537195121315,mid_latitude
2024-06-21 14:55:00,247.88077412744124,185.91058059558094,61.97019353186031,mid_latitude
2024-06-21 15:00:00,424.6160736362379,318.46205522717844,106.15401840905947,mid_latitude
2024-06-21 15:05:00,238.7588581788725,179.06914363415436,59.68971454471812,mid_latitude
2024-06-21 15:10:00,590.8321817654996,443.1241363241247,147.7080454413749,mid_latitude
2024-06-21 15:15:00,386.3589532699704,289.7692149524778,96.5897383174926,mid_latitude
2024-06-21 15:20:00,567.5231653416952,425.6423740062714,141.8807913354238,mid_latitude
2024-06-21 15:25:00,515.9157812450716,386.93683593380365,128.9789453112679,mid_latitude
2024-06-21 15:30:00,189.60180692419505,142.2013551931463,47.40045173104876,mid_latitude
2024-06-21 15:35:00,307.490511019779,230.61788326483423,76.87262775494474,mid_latitude
2024-06-21 15:40:00,290.79580888214673,218.09685666161005,72.69895222053668,mid_latitude
2024-06-21 15:45:00,472.74610534333925,354.55957900750445,118.18652633583481,mid_latitude
2024-06-21 15:50:00,151.36088411422992,113.52066308567244,37.84022102855748,mid_latitude
2024-06-21 15:55:00,422.8441262249946,317.13309466874597,105.71103155624866,mid_latitude
2024-06-21 16:00:00,146.99258739761797,110.24444054821348,36.74814684940449,mid_latitude
2024-06-21 16:05:00,342.692259478732,257.019194609049,85.673064869683,mid_latitude
2024-06-21 16:10:00,250.89490217691295,188.1711766326847,62.72372554422824,mid_latitude
2024-06-21 16:15:00,338.49021049556205,253.86765787167155,84.62255262389051,mid_latitude
2024-06-21 16:20:00,127.71947921520551,95.78960941140413,31.929869803801378,mid_latitude
2024-06-21 16:25:00,294.2306355261302,220.67297664459764,73.55765888153255,mid_latitude
2024-06-21 16:30:00,246.4238601567765,184.81789511758237,61.605965039194125,mid_latitude
2024-06-21 16:35:00,257.4449326682996,193.08369950122471,64.3612331670749,mid_latitude
2024-06-21 16:40:00,233.89087022589766,175.41815266942325,58.472717556474414,mid_latitude
2024-06-21 16:45:00,202.9567025682218,152.21752692616636,50.73917564205545,mid_latitude
2024-06-21 16:50:00,176.78956984372172,132.5921773827913,44.19739246093043,mid_latitude
2024-06-21 16:55:00,149.04519847565888,111.78389885674416,37.26129961891472,mid_latitude
2024-06-21 17:00:00,46.690339077720125,35.017754308290094,11.672584769430031,mid_latitude
2024-06-21 17:05:00,68.98569584054052,51.73927188040538,17.24642396013513,mid_latitude
2024-06-21 17:10:00,57.79557249913007,43.34667937434755,14.448893124782517,mid_latitude
2024-06-21 17:15:00,64.16039850081783,48.12029887561337,16.04009962520446,mid_latitude
2024-06-21 17:20:00,44.24878139593246,33.186586046949344,11.062195348983115,mid_latitude
2024-06-21 17:25:00,21.09769243292871,15.823269324696533,5.2744231082321775,mid_latitude
2024-06-21 17:30:00,5.052050497058074e-13,3.789037872793556e-13,1.2630126242645186e-13,mid_latitude
2024-06-21 17:35:00,0.0,0.0,0.0,mid_latitude
2024-06-21 17:40:00,0.0,0.0,0.0,mid_latitude
2024-06-21 17:45:00,0.0,0.0,0.0,mid_latitude
2024-06-21 17:50:00,0.0,0.0,0.0,mid_latitude
2024-06-21 17:55:00,0.0,0.0,0.0,mid_latitude
2024-06-21 18:00:00,0.0,0.0,0.0,mid_latitude
2024-06-21 18:05:00,0.0,0.0,0.0,mid_latitude
2024-06-21 18:10:00,0.0,0.0,0.0,mid_latitude
2024-06-21 18:15:00,0.0,0.0,0.0,mid_latitude
2024-06-21 18:20:00,0.0,0.0,0.0,mid_latitude
2024-06-21 18:25:00,0.0,0.0,0.0,mid_latitude
2024-06-21 18:30:00,0.0,0.0,0.0,mid_latitude
2024-06-21 18:35:00,0.0,0.0,0.0,mid_latitude
2024-06-21 18:40:00,0.0,0.0,0.0,mid_latitude
2024-06-21 18:45:00,0.0,0.0,0.0,mid_latitude
2024-06-21 18:50:00,0.0,0.0,0.0,mid_latitude
2024-06-21 18:55:00,0.0,0.0,0.0,mid_latitude
2024-06-21 19:00:00,0.0,0.0,0.0,mid_latitude
2024-06-21 19:05:00,0.0,0.0,0.0,mid_latitude
2024-06-21 19:10:00,0.0,0.0,0.0,mid_latitude
2024-06-21 19:15:00,0.0,0.0,0.0,mid_latitude
2024-06-21 19:20:00,0.0,0.0,0.0,mid_latitude
2024-06-21 19:25:00,0.0,0.0,0.0,mid_latitude
2024-06-21 19:30:00,0.0,0.0,0.0,mid_latitude
2024-06-21 19:35:00,0.0,0.0,0.0,mid_latitude
2024-06-21 19:40:00,0.0,0.0,0.0,mid_latitude
2024-06-21 19:45:00,0.0,0.0,0.0,mid_latitude
2024-06-21 19:50:00,0.0,0.0,0.0,mid_latitude
2024-06-21 19:55:00,0.0,0.0,0.0,mid_latitude
2024-06-21 20:00:00,0.0,0.0,0.0,mid_latitude
2024-06-21 20:05:00,0.0,0.0,0.0,mid_latitude
2024-06-21 20:10:00,0.0,0.0,0.0,mid_latitude
2024-06-21 20:15:00,0.0,0.0,0.0,mid_latitude
2024-06-21 20:20:00,0.0,0.0,0.0,mid_latitude
2024-06-21 20:25:00,0.0,0.0,0.0,mid_latitude
2024-06-21 20:30:00,0.0,0.0,0.0,mid_latitude
2024-06-21 20:35:00,0.0,0.0,0.0,mid_latitude
2024-06-21 20:40:00,0.0,0.0,0.0,mid_latitude
2024-06-21 20:45:00,0.0,0.0,0.0,mid_latitude
2024-06-21 20:50:00,0.0,0.0,0.0,mid_latitude
2024-06-21 20:55:00,0.0,0.0,0.0,mid_latitude
2024-06-21 21:00:00,0.0,0.0,0.0,mid_latitude
2024-06-21 21:05:00,0.0,0.0,0.0,mid_latitude
2024-06-21 21:10:00,0.0,0.0,0.0,mid_latitude
2024-06-21 21:15:00,0.0,0.0,0.0,mid_latitude
2024-06-21 21:20:00,0.0,0.0,0.0,mid_latitude
2024-06-21 21:25:00,0.0,0.0,0.0,mid_latitude
2024-06-21 21:30:00,0.0,0.0,0.0,mid_latitude
2024-06-21 21:35:00,0.0,0.0,0.0,mid_latitude
2024-06-21 21:40:00,0.0,0.0,0.0,mid_latitude
2024-06-21 21:45:00,0.0,0.0,0.0,mid_latitude
2024-06-21 21:50:00,0.0,0.0,0.0,mid_latitude
2024-06-21 21:55:00,0.0,0.0,0.0,mid_latitude
2024-06-21 22:00:00,0.0,0.0,0.0,mid_latitude
2024-06-21 22:05:00,0.0,0.0,0.0,mid_latitude
2024-06-21 22:10:00,0.0,0.0,0.0,mid_latitude
2024-06-21 22:15:00,0.0,0.0,0.0,mid_latitude
2024-06-21 22:20:00,0.0,0.0,0.0,mid_latitude
2024-06-21 22:25:00,0.0,0.0,0.0,mid_latitude
2024-06-21 22:30:00,0.0,0.0,0.0,mid_latitude
2024-06-21 22:35:00,0.0,0.0,0.0,mid_latitude
2024-06-21 22:40:00,0.0,0.0,0.0,mid_latitude
2024-06-21 22:45:00,0.0,0.0,0.0,mid_latitude
2024-06-21 22:50:00,0.0,0.0,0.0,mid_latitude
2024-06-21 22:55:00,0.0,0.0,0.0,mid_latitude
2024-06-21 23:00:00,0.0,0.0,0.0,mid_latitude
2024-06-21 23:05:00,0.0,0.0,0.0,mid_latitude
2024-06-21 23:10:00,0.0,0.0,0.0,mid_latitude
2024-06-21 23:15:00,0.0,0.0,0.0,mid_latitude
2024-06-21 23:20:00,0.0,0.0,0.0,mid_latitude
2024-06-21 23:25:00,0.0,0.0,0.0,mid_latitude
2024-06-21 23:30:00,0.0,0.0,0.0,mid_latitude
2024-06-21 23:35:00,0.0,0.0,0.0,mid_latitude
2024-06-21 23:40:00,0.0,0.0,0.0,mid_latitude
2024-06-21 23:45:00,0.0,0.0,0.0,mid_latitude
2024-06-21 23:50:00,0.0,0.0,0.0,mid_latitude
2024-06-21 23:55:00,0.0,0.0,0.0,mid_latitude
2024-06-21 00:00:00,0.0,0.0,0.0,high_latitude
2024-06-21 00:05:00,0.0,0.0,0.0,high_latitude
2024-06-21 00:10:00,0.0,0.0,0.0,high_latitude
2024-06-21 00:15:00,0.0,0.0,0.0,high_latitude
2024-06-21 00:20:00,0.0,0.0,0.0,high_latitude
2024-06-21 00:25:00,0.0,0.0,0.0,high_latitude
2024-06-21 00:30:00,0.0,0.0,0.0,high_latitude
2024-06-21 00:35:00,0.0,0.0,0.0,high_latitude
2024-06-21 00:40:00,0.0,0.0,0.0,high_latitude
2024-06-21 00:45:00,0.0,0.0,0.0,high_latitude
2024-06-21 00:50:00,0.0,0.0,0.0,high_latitude
2024-06-21 00:55:00,0.0,0.0,0.0,high_latitude
2024-06-21 01:00:00,0.0,0.0,0.0,high_latitude
2024-06-21 01:05:00,0.0,0.0,0.0,high_latitude
2024-06-21 01:10:00,0.0,0.0,0.0,high_latitude
2024-06-21 01:15:00,0.0,0.0,0.0,high_latitude
2024-06-21 01:20:00,0.0,0.0,0.0,high_latitude
2024-06-21 01:25:00,0.0,0.0,0.0,high_latitude
2024-06-21 01:30:00,0.0,0.0,0.0,high_latitude
2024-06-21 01:35:00,0.0,0.0,0.0,high_latitude
2024-06-21 01:40:00,0.0,0.0,0.0,high_latitude
2024-06-21 01:45:00,0.0,0.0,0.0,high_latitude
2024-06-21 01:50:00,0.0,0.0,0.0,high_latitude
2024-06-21 01:55:00,0.0,0.0,0.0,high_latitude
2024-06-21 02:00:00,0.0,0.0,0.0,high_latitude
2024-06-21 02:05:00,0.0,0.0,0.0,high_latitude
2024-06-21 02:10:00,0.0,0.0,0.0,high_latitude
2024-06-21 02:15:00,0.0,0.0,0.0,high_latitude
2024-06-21 02:20:00,0.0,0.0,0.0,high_latitude
2024-06-21 02:25:00,0.0,0.0,0.0,high_latitude
2024-06-21 02:30:00,0.0,0.0,0.0,high_latitude
2024-06-21 02:35:00,0.0,0.0,0.0,high_latitude
2024-06-21 02:40:00,0.0,0.0,0.0,high_latitude
2024-06-21 02:45:00,0.0,0.0,0.0,high_latitude
2024-06-21 02:50:00,0.0,0.0,0.0,high_latitude
2024-06-21 02:55:00,0.0,0.0,0.0,high_latitude
2024-06-21 03:00:00,0.0,0.0,0.0,high_latitude
2024-06-21 03:05:00,0.0,0.0,0.0,high_latitude
2024-06-21 03:10:00,0.0,0.0,0.0,high_latitude
2024-06-21 03:15:00,0.0,0.0,0.0,high_latitude
2024-06-21 03:20:00,0.0,0.0,0.0,high_latitude
2024-06-21 03:25:00,0.0,0.0,0.0,high_latitude
2024-06-21 03:30:00,0.0,0.0,0.0,high_latitude
2024-06-21 03:35:00,0.0,0.0,0.0,high_latitude
2024-06-21 03:40:00,0.0,0.0,0.0,high_latitude
2024-06-21 03:45:00,0.0,0.0,0.0,high_latitude
2024-06-21 03:50:00,0.0,0.0,0.0,high_latitude
2024-06-21 03:55:00,0.0,0.0,0.0,high_latitude
2024-06-21 04:00:00,0.0,0.0,0.0,high_latitude
2024-06-21 04:05:00,0.0,0.0,0.0,high_latitude
2024-06-21 04:10:00,0.0,0.0,0.0,high_latitude
2024-06-21 04:15:00,0.0,0.0,0.0,high_latitude
2024-06-21 04:20:00,0.0,0.0,0.0,high_latitude
2024-06-21 04:25:00,0.0,0.0,0.0,high_latitude
2024-06-21 04:30:00,0.0,0.0,0.0,high_latitude
2024-06-21 04:35:00,0.0,0.0,0.0,high_latitude
2024-06-21 04:40:00,0.0,0.0,0.0,high_latitude
2024-06-21 04:45:00,0.0,0.0,0.0,high_latitude
2024-06-21 04:50:00,0.0,0.0,0.0,high_latitude
2024-06-21 04:55:00,0.0,0.0,0.0,high_latitude
2024-06-21 05:00:00,0.0,0.0,0.0,high_latitude
2024-06-21 05:05:00,0.0,0.0,0.0,high_latitude
2024-06-21 05:10:00,0.0,0.0,0.0,high_latitude
2024-06-21 05:15:00,0.0,0.0,0.0,high_latitude
2024-06-21 05:20:00,0.0,0.0,0.0,high_latitude
2024-06-21 05:25:00,0.0,0.0,0.0,high_latitude
2024-06-21 05:30:00,0.0,0.0,0.0,high_latitude
2024-06-21 05:35:00,0.0,0.0,0.0,high_latitude
2024-06-21 05:40:00,0.0,0.0,0.0,high_latitude
2024-06-21 05:45:00,0.0,0.0,0.0,high_latitude
2024-06-21 05:50:00,0.0,0.0,0.0,high_latitude
2024-06-21 05:55:00,0.0,0.0,0.0,high_latitude
2024-06-21 06:00:00,0.0,0.0,0.0,high_latitude
2024-06-21 06:05:00,0.0,0.0,0.0,high_latitude
2024-06-21 06:10:00,0.0,0.0,0.0,high_latitude
2024-06-21 06:15:00,0.0,0.0,0.0,high_latitude
2024-06-21 06:20:00,0.0,0.0,0.0,high_latitude
2024-06-21 06:25:00,0.0,0.0,0.0,high_latitude
2024-06-21 06:30:00,0.0,0.0,0.0,high_latitude
2024-06-21 06:35:00,0.0,0.0,0.0,high_latitude
2024-06-21 06:40:00,0.0,0.0,0.0,high_latitude
2024-06-21 06:45:00,0.0,0.0,0.0,high_latitude
2024-06-21 06:50:00,0.0,0.0,0.0,high_latitude
2024-06-21 06:55:00,0.0,0.0,0.0,high_latitude
2024-06-21 07:00:00,0.0,0.0,0.0,high_latitude
2024-06-21 07:05:00,22.2337490592476,16.6753117944357,5.5584372648119,high_latitude
2024-06-21 07:10:00,26.55610853757674,19.917081403182557,6.639027134394185,high_latitude
2024-06-21 07:15:00,68.86837878467432,51.65128408850574,17.21709469616858,high_latitude
2024-06-21 07:20:00,78.79901315435394,59.09925986576546,19.699753288588486,high_latitude
2024-06-21 07:25:00,96.44065851294229,72.33049388470673,24.110164628235573,high_latitude
2024-06-21 07:30:00,113.54570141671485,85.15927606253614,28.386425354178712,high_latitude
2024-06-21 07:35:00,113.49977666620308,85.12483249965231,28.37494416655077,high_latitude
2024-06-21 07:40:00,123.36045777158404,92.52034332868803,30.84011444289601,high_latitude
2024-06-21 07:45:00,133.04435733205273,99.78326799903954,33.26108933301318,high_latitude
2024-06-21 07:50:00,140.17261903300817,105.12946427475613,35.043154758252044,high_latitude
2024-06-21 07:55:00,169.11978976131525,126.83984232098643,42.27994744032881,high_latitude
2024-06-21 08:00:00,165.0199173461954,123.76493800964656,41.25497933654885,high_latitude
2024-06-21 08:05:00,248.35514769418654,186.2663607706399,62.088786923546635,high_latitude
2024-06-21 08:10:00,208.19626947959316,156.14720210969486,52.04906736989829,high_latitude
2024-06-21 08:15:00,315.03344830671966,236.27508623003973,78.75836207667992,high_latitude
2024-06-21 08:20:00,322.4692130889481,241.85190981671107,80.61730327223702,high_latitude
2024-06-21 08:25:00,354.6426856758462,265.98201425688467,88.66067141896156,high_latitude
2024-06-21 08:30:00,255.3945981852294,191.54594863892206,63.84864954630735,high_latitude
2024-06-21 08:35:00,360.20510878428644,270.1538315882148,90.05127719607161,high_latitude
2024-06-21 08:40:00,280.8734324704012,210.6550743528009,70.2183581176003,high_latitude
2024-06-21 08:45:00,422.5081157617896,316.8810868213422,105.6270289404474,high_latitude
2024-06-21 08:50:00,169.92007527533625,127.44005645650219,42.48001881883406,high_latitude
2024-06-21 08:55:00,286.8913607482731,215.16852056120482,71.72284018706827,high_latitude
2024-06-21 09:00:00,344.9590150653007,258.71926129897554,86.23975376632518,high_latitude
2024-06-21 09:05:00,453.0659956567257,339.7994967425443,113.26649891418143,high_latitude
2024-06-21 09:10:00,533.0233039703726,399.76747797777944,133.25582599259315,high_latitude
2024-06-21 09:15:00,397.2411486446846,297.93086148351347,99.31028716117115,high_latitude
2024-06-21 09:20:00,202.47924451801737,151.85943338851303,50.61981112950434,high_latitude
2024-06-21 09:25:00,562.786965202208,422.090223901656,140.696741300552,high_latitude
2024-06-21 09:30:00,411.2437929932693,308.432844744952,102.81094824831733,high_latitude
2024-06-21 09:35:00,224.54813522433207,168.41110141824905,56.13703380608302,high_latitude
2024-06-21 09:40:00,458.85008347173596,344.13756260380194,114.71252086793399,high_latitude
2024-06-21 09:45:00,591.5287131492992,443.6465348619744,147.8821782873248,high_latitude
2024-06-21 09:50:00,254.9638772515769,191.22290793868268,63.74096931289422,high_latitude
2024-06-21 09:55:00,439.19653566032827,329.3974017452462,109.79913391508207,high_latitude
2024-06-21 10:00:00,249.09072665626277,186.8180449921971,62.27268166406569,high_latitude
2024-06-21 10:05:00,710.3636560212309,532.7727420159232,177.59091400530772,high_latitude
2024-06-21 10:10:00,257.3843915336367,193.0382936502275,64.34609788340917,high_latitude
2024-06-21 10:15:00,281.6159646887793,211.21197351658446,70.40399117219482,high_latitude
2024-06-21 10:20:00,727.9082175729854,545.9311631797391,181.97705439324636,high_latitude
2024-06-21 10:25:00,548.4257415395556,411.3193061546667,137.1064353848889,high_latitude
2024-06-21 10:30:00,722.7746314937086,542.0809736202815,180.69365787342716,high_latitude
2024-06-21 10:35:00,785.1651795647444,588.8738846735583,196.2912948911861,high_latitude
2024-06-21 10:40:00,696.0686411672767,522.0514808754575,174.01716029181918,high_latitude
2024-06-21 10:45:00,668.8460031222539,501.63450234169045,167.21150078056348,high_latitude
2024-06-21 10:50:00,817.5286001011524,613.1464500758643,204.3821500252881,high_latitude
2024-06-21 10:55:00,722.7663882694113,542.0747912020585,180.69159706735283,high_latitude
2024-06-21 11:00:00,495.23179707337823,371.4238478050337,123.80794926834456,high_latitude
2024-06-21 11:05:00,804.550071962121,603.4125539715908,201.13751799053026,high_latitude
2024-06-21 11:10:00,551.9984171260514,413.9988128445386,137.99960428151286,high_latitude
2024-06-21 11:15:00,530.9398431869596,398.2048823902197,132.7349607967399,high_latitude
2024-06-21 11:20:00,594.904592060518,446.17844404538846,148.7261480151295,high_latitude
2024-06-21 11:25:00,720.8834745821928,540.6626059366446,180.2208686455482,high_latitude
2024-06-21 11:30:00,615.6471908672621,461.7353931504466,153.91179771681553,high_latitude
2024-06-21 11:35:00,547.6115071149678,410.70863033622584,136.90287677874196,high_latitude
2024-06-21 11:40:00,539.1353332839938,404.3514999629953,134.78383332099844,high_latitude
2024-06-21 11:45:00,599.4671176846311,449.60033826347336,149.8667794211578,high_latitude
2024-06-21 11:50:00,506.88675862305735,380.165068967293,126.72168965576434,high_latitude
2024-06-21 11:55:00,780.6545701050411,585.4909275787809,195.16364252626028,high_latitude
2024-06-21 12:00:00,802.0394433001967,601.5295824751475,200.50986082504917,high_latitude
2024-06-21 12:05:00,885.1427076086082,663.8570307064562,221.28567690215206,high_latitude
2024-06-21 12:10:00,800.0127013568825,600.0095260176619,200.00317533922063,high_latitude
2024-06-21 12:15:00,761.0874433235355,570.8155824926516,190.27186083088387,high_latitude
2024-06-21 12:20:00,746.0313031689509,559.5234773767131,186.50782579223772,high_latitude
2024-06-21 12:25:00,299.2733708544525,224.45502814083937,74.81834271361312,high_latitude
2024-06-21 12:30:00,714.6272389971454,535.970429247859,178.65680974928634,high_latitude
2024-06-21 12:35:00,521.2225280670781,390.91689605030854,130.30563201676952,high_latitude
2024-06-21 12:40:00,721.7227819017063,541.2920864262798,180.43069547542657,high_latitude
2024-06-21 12:45:00,708.9402792327713,531.7052094245785,177.23506980819283,high_latitude
2024-06-21 12:50:00,494.5166995536376,370.88752466522817,123.6291748884094,high_latitude
2024-06-21 12:55:00,709.3119734826321,531.983980111974,177.32799337065802,high_latitude
2024-06-21 13:00:00,559.2415997996807,419.4311998497605,139.81039994992017,high_latitude
2024-06-21 13:05:00,777.2400911664988,582.930068374874,194.3100227916247,high_latitude
2024-06-21 13:10:00,761.5735676662132,571.1801757496598,190.3933919165533,high_latitude
2024-06-21 13:15:00,315.8375694038224,236.8781770528668,78.9593923509556,high_latitude
2024-06-21 13:20:00,758.9945915747129,569.2459436810346,189.74864789367822,high_latitude
2024-06-21 13:25:00,772.275748999259,579.2068117494442,193.06893724981475,high_latitude
2024-06-21 13:30:00,685.0797657799014,513.8098243349261,171.26994144497536,high_latitude
2024-06-21 13:35:00,718.7841217961371,539.0880913471028,179.69603044903428,high_latitude
2024-06-21 13:40:00,642.1297136517352,481.5972852388014,160.5324284129338,high_latitude
2024-06-21 13:45:00,617.1132967478762,462.8349725609072,154.27832418696906,high_latitude
2024-06-21 13:50:00,467.1898489845613,350.392386738421,116.79746224614033,high_latitude
2024-06-21 13:55:00,463.3578655263088,347.5183991447316,115.8394663815772,high_latitude
2024-06-21 14:00:00,612.048621150687,459.0364658630153,153.01215528767176,high_latitude
2024-06-21 14:05:00,455.02107122890163,341.2658034216762,113.75526780722541,high_latitude
2024-06-21 14:10:00,685.3788746984899,514.0341560238674,171.34471867462247,high_latitude
2024-06-21 14:15:00,606.1045517227292,454.5784137920469,151.5261379306823,high_latitude
2024-06-21 14:20:00,255.2395154635689,191.42963659767668,63.80987886589222,high_latitude
2024-06-21 14:25:00,644.5005970145864,483.37544776093984,161.1251492536466,high_latitude
2024-06-21 14:30:00,387.0303660907773,290.272774568083,96.75759152269433,high_latitude
2024-06-21 14:35:00,589.6247158030296,442.2185368522722,147.4061789507574,high_latitude
2024-06-21 14:40:00,492.51966998660464,369.3897524899535,123.12991749665116,high_latitude
2024-06-21 14:45:00,347.7669485910495,260.8252114432871,86.94173714776238,high_latitude
2024-06-21 14:50:00,502.8016357119781,377.1012267839836,125.70040892799453,high_latitude
2024-06-21 14:55:00,213.60337008141437,160.20252756106078,53.40084252035359,high_latitude
2024-06-21 15:00:00,450.1630127670091,337.6222595752568,112.54075319175227,high_latitude
2024-06-21 15:05:00,446.93630695618594,335.20223021713946,111.73407673904649,high_latitude
2024-06-21 15:10:00,441.2875348480758,330.96565113605686,110.32188371201894,high_latitude
2024-06-21 15:15:00,283.70170417280474,212.77627812960355,70.92542604320118,high_latitude
2024-06-21 15:20:00,400.6704162802707,300.502812210203,100.16760407006767,high_latitude
2024-06-21 15:25:00,384.380925965334,288.2856944740005,96.0952314913335,high_latitude
2024-06-21 15:30:00,397.47505477257965,298.10629107943475,99.36876369314491,high_latitude
2024-06-21 15:35:00,363.4447415805075,272.58355618538064,90.86118539512688,high_latitude
2024-06-21 15:40:00,132.2561176795144,99.1920882596358,33.0640294198786,high_latitude
2024-06-21 15:45:00,311.3274205328626,233.49556539964698,77.83185513321565,high_latitude
2024-06-21 15:50:00,300.6527120848827,225.489534063662,75.16317802122067,high_latitude
2024-06-21 15:55:00,258.4327158674356,193.8245369005767,64.6081789668589,high_latitude
2024-06-21 16:00:00,185.24042456507618,138.93031842380714,46.310106141269046,high_latitude
2024-06-21 16:05:00,169.6088905793523,127.20666793451423,42.402222644838076,high_latitude
2024-06-21 16:10:00,190.97879724090683,143.23409793068012,47.74469931022671,high_latitude
2024-06-21 16:15:00,198.61397961397773,148.96048471048329,49.65349490349443,high_latitude
2024-06-21 16:20:00,179.52558698721361,134.6441902404102,44.881396746803404,high_latitude
2024-06-21 16:25:00,95.54464055751745,71.65848041813808,23.886160139379363,high_latitude
2024-06-21 16:30:00,83.45267883066086,62.58950912299564,20.863169707665215,high_latitude
2024-06-21 16:35:00,98.72572055644991,74.04429041733744,24.68143013911248,high_latitude
2024-06-21 16:40:00,78.98997626251372,59.24248219688529,19.74749406562843,high_latitude
2024-06-21 16:45:00,40.44251889106291,30.33188916829718,10.110629722765728,high_latitude
2024-06-21 16:50:00,16.021176750557714,12.015882562918286,4.005294187639429,high_latitude
2024-06-21 16:55:00,22.02445747176782,16.518343103825867,5.506114367941955,high_latitude
2024-06-21 17:00:00,7.504862931726306e-14,5.62864719879473e-14,1.8762157329315766e-14,high_latitude
2024-06-21 17:05:00,0.0,0.0,0.0,high_latitude
2024-06-21 17:10:00,0.0,0.0,0.0,high_latitude
2024-06-21 17:15:00,0.0,0.0,0.0,high_latitude
2024-06-21 17:20:00,0.0,0.0,0.0,high_latitude
2024-06-21 17:25:00,0.0,0.0,0.0,high_latitude
2024-06-21 17:30:00,0.0,0.0,0.0,high_latitude
2024-06-21 17:35:00,0.0,0.0,0.0,high_latitude
2024-06-21 17:40:00,0.0,0.0,0.0,high_latitude
2024-06-21 17:45:00,0.0,0.0,0.0,high_latitude
2024-06-21 17:50:00,0.0,0.0,0.0,high_latitude
2024-06-21 17:55:00,0.0,0.0,0.0,high_latitude
2024-06-21 18:00:00,0.0,0.0,0.0,high_latitude
2024-06-21 18:05:00,0.0,0.0,0.0,high_latitude
2024-06-21 18:10:00,0.0,0.0,0.0,high_latitude
2024-06-21 18:15:00,0.0,0.0,0.0,high_latitude
2024-06-21 18:20:00,0.0,0.0,0.0,high_latitude
2024-06-21 18:25:00,0.0,0.0,0.0,high_latitude
2024-06-21 18:30:00,0.0,0.0,0.0,high_latitude
2024-06-21 18:35:00,0.0,0.0,0.0,high_latitude
2024-06-21 18:40:00,0.0,0.0,0.0,high_latitude
2024-06-21 18:45:00,0.0,0.0,0.0,high_latitude
2024-06-21 18:50:00,0.0,0.0,0.0,high_latitude
2024-06-21 18:55:00,0.0,0.0,0.0,high_latitude
2024-06-21 19:00:00,0.0,0.0,0.0,high_latitude
2024-06-21 19:05:00,0.0,0.0,0.0,high_latitude
2024-06-21 19:10:00,0.0,0.0,0.0,high_latitude
2024-06-21 19:15:00,0.0,0.0,0.0,high_latitude
2024-06-21 19:20:00,0.0,0.0,0.0,high_latitude
2024-06-21 19:25:00,0.0,0.0,0.0,high_latitude
2024-06-21 19:30:00,0.0,0.0,0.0,high_latitude
2024-06-21 19:35:00,0.0,0.0,0.0,high_latitude
2024-06-21 19:40:00,0.0,0.0,0.0,high_latitude
2024-06-21 19:45:00,0.0,0.0,0.0,high_latitude
2024-06-21 19:50:00,0.0,0.0,0.0,high_latitude
2024-06-21 19:55:00,0.0,0.0,0.0,high_latitude
2024-06-21 20:00:00,0.0,0.0,0.0,high_latitude
2024-06-21 20:05:00,0.0,0.0,0.0,high_latitude
2024-06-21 20:10:00,0.0,0.0,0.0,high_latitude
2024-06-21 20:15:00,0.0,0.0,0.0,high_latitude
2024-06-21 20:20:00,0.0,0.0,0.0,high_latitude
2024-06-21 20:25:00,0.0,0.0,0.0,high_latitude
2024-06-21 20:30:00,0.0,0.0,0.0,high_latitude
2024-06-21 20:35:00,0.0,0.0,0.0,high_latitude
2024-06-21 20:40:00,0.0,0.0,0.0,high_latitude
2024-06-21 20:45:00,0.0,0.0,0.0,high_latitude
2024-06-21 20:50:00,0.0,0.0,0.0,high_latitude
2024-06-21 20:55:00,0.0,0.0,0.0,high_latitude
2024-06-21 21:00:00,0.0,0.0,0.0,high_latitude
2024-06-21 21:05:00,0.0,0.0,0.0,high_latitude
2024-06-21 21:10:00,0.0,0.0,0.0,high_latitude
2024-06-21 21:15:00,0.0,0.0,0.0,high_latitude
2024-06-21 21:20:00,0.0,0.0,0.0,high_latitude
2024-06-21 21:25:00,0.0,0.0,0.0,high_latitude
2024-06-21 21:30:00,0.0,0.0,0.0,high_latitude
2024-06-21 21:35:00,0.0,0.0,0.0,high_latitude
2024-06-21 21:40:00,0.0,0.0,0.0,high_latitude
2024-06-21 21:45:00,0.0,0.0,0.0,high_latitude
2024-06-21 21:50:00,0.0,0.0,0.0,high_latitude
2024-06-21 21:55:00,0.0,0.0,0.0,high_latitude
2024-06-21 22:00:00,0.0,0.0,0.0,high_latitude
2024-06-21 22:05:00,0.0,0.0,0.0,high_latitude
2024-06-21 22:10:00,0.0,0.0,0.0,high_latitude
2024-06-21 22:15:00,0.0,0.0,0.0,high_latitude
2024-06-21 22:20:00,0.0,0.0,0.0,high_latitude
2024-06-21 22:25:00,0.0,0.0,0.0,high_latitude
2024-06-21 22:30:00,0.0,0.0,0.0,high_latitude
2024-06-21 22:35:00,0.0,0.0,0.0,high_latitude
2024-06-21 22:40:00,0.0,0.0,0.0,high_latitude
2024-06-21 22:45:00,0.0,0.0,0.0,high_latitude
2024-06-21 22:50:00,0.0,0.0,0.0,high_latitude
2024-06-21 22:55:00,0.0,0.0,0.0,high_latitude
2024-06-21 23:00:00,0.0,0.0,0.0,high_latitude
2024-06-21 23:05:00,0.0,0.0,0.0,high_latitude
2024-06-21 23:10:00,0.0,0.0,0.0,high_latitude
2024-06-21 23:15:00,0.0,0.0,0.0,high_latitude
2024-06-21 23:20:00,0.0,0.0,0.0,high_latitude
2024-06-21 23:25:00,0.0,0.0,0.0,high_latitude
2024-06-21 23:30:00,0.0,0.0,0.0,high_latitude
2024-06-21 23:35:00,0.0,0.0,0.0,high_latitude
2024-06-21 23:40:00,0.0,0.0,0.0,high_latitude
2024-06-21 23:45:00,0.0,0.0,0.0,high_latitude
2024-06-21 23:50:00,0.0,0.0,0.0,high_latitude
2024-06-21 23:55:00,0.0,0.0,0.0,high_latitude
